ID_Produto,Nome_Produto,Categoria
1,Repellendus Tempore,Casa e Cozinha
2,Dolores Quos,Casa e Cozinha
3,Ipsam Mollitia,Eletrônicos
4,Ipsum Nihil,Esportes
5,Placeat Sint,Livros
6,Pariatur Expedita,Roupas
7,Nulla Dolor,Livros
8,Hic Quis,Roupas
9,Incidunt Ea,Esportes
10,Excepturi Enim,Casa e Cozinha
11,Rerum Error,Esportes
12,Veritatis Optio,Esportes
13,Officiis Culpa,Eletrônicos
14,Ullam Accusamus,Casa e Cozinha
15,Hic Esse,Casa e Cozinha
